id,type,name,url,structure_name,opening,city,province,address,number,lat,lng,status
61355,IAT,"Bobbio e Val Trebbia - Ufficio Informazioni e Accoglienza Turistica (IAT)",https://maps.app.goo.gl/PhGoasN4wfKF56vVA,,,Bobbio,Piacenza,,,"44,7693398","9,384097",Pubblico
61356,"IAT R","Castell'Arquato e Val d'Arda - Ufficio Informazioni e Accoglienza Turistica (IAT-R)",https://maps.app.goo.gl/11cmkwRZDE1fqKCh6,,,Castell'Arquato,Piacenza,,,"44,8512065","9,8643043",Pubblico
61357,"Welcome Room","Fiorenzuola d'Arda - Welcome Room",https://maps.app.goo.gl/wouaLp2BriaqCMLu8,,,"Fiorenzuola d'Arda",Piacenza,,,"44,9286216","9,9052909",Pubblico
61358,"IAT R","Piacenza - Ufficio Informazioni e Accoglienza Turistica (IAT-R) - VisitPiacenza",https://maps.app.goo.gl/YWVMXEFDhFJ1yxRU6,,,Piacenza,Piacenza,,,"45,0522144","9,6901373",Pubblico
61359,"IAT R","Grazzano Visconti e Valnure Valchero - Ufficio Informazioni e Accoglienza Turistica (IAT-R)",https://maps.app.goo.gl/vxVnq44qtof8QWHBA,,,Vigolzone,Piacenza,,,"44,9339631","9,6695915",Pubblico
61360,"Welcome Room","Vigoleno - Welcome Room",https://maps.app.goo.gl/335HQb9CqiLM78Cy5,,,Vernasca,Piacenza,,,"44,8170113","9,8979026",Pubblico
61361,"Welcome Room","Bedonia - Welcome Room",https://maps.app.goo.gl/Cy75YpDLpnHhLHTe8,,,Bedonia,Parma,,,"44,5031983","9,6279348",Pubblico
61362,IAT,"Borgo Val di Taro e Val Ceno - Ufficio Informazioni e Accoglienza Turistica (IAT)",https://maps.app.goo.gl/mapKGyhNE26tu6dv6,,,"Borgo Val di Taro",Parma,,,"44,4880892","9,7646909",Pubblico
61363,"IAT R","Busseto e Terre verdiane - Ufficio Informazioni e Accoglienza Turistica (IAT-R)",https://maps.app.goo.gl/6wf8xMgNZQSYXaQf9,,,Busseto,Parma,,,"44,9814352","10,0388968",Pubblico
61364,"IAT R","Colorno e Sorbolo Mezzani - Ufficio Informazioni e Accoglienza Turistica (IAT-R)",https://maps.app.goo.gl/hbjMuvBiFusQPVANA,,,Colorno,Parma,,,"44,9304044","10,376563",Pubblico
61365,"IAT R","Fidenza Casa Cremonini - Ufficio Informazioni e Accoglienza Turistica (IAT-R)",https://maps.app.goo.gl/rS2eNwTUoJMsW8ZS8,,,Fidenza,Parma,,,"44,866867","10,0547045",Pubblico
61366,"Welcome Room","Fidenza Village - Welcome Room",https://maps.app.goo.gl/9WQf3Mh1Nn1v41ar9,,,Fidenza,Parma,,,"44,8841891","10,0875187",Pubblico
61367,IAT,"Fontanellato - Ufficio Informazioni e Accoglienza Turistica (IAT)",https://maps.app.goo.gl/UfSFXrsJaWU1QuKn8,,,Fontanellato,Parma,,,"44,8828179","10,1700153",Pubblico
61368,"Welcome Room","Fontevivo - Welcome Room",https://maps.app.goo.gl/WoJqXLZSbu72qY8b9,,,Fontevivo,Parma,,,"44,8573272","10,1735648",Pubblico
61370,IAT,"Langhirano - Torrechiara e Val Parma - Ufficio Informazioni e Accoglienza Turistica (IAT)",https://maps.app.goo.gl/tzb2uQu119GXGiGn8,,,Langhirano,Parma,,,"44,6559489","10,2717041",Pubblico
61371,"IAT R","Parma - Ufficio Informazioni e Accoglienza Turistica (IAT-R) - ParmaWelcome",https://maps.app.goo.gl/KiprNT4GKTQaArsTA,,,Parma,Parma,,,"44,8035256","10,3248931",Pubblico
61372,IAT,"Salsomaggiore Terme - Ufficio Informazioni e Accoglienza Turistica (IAT)",https://maps.app.goo.gl/9TdDGc1zt3WHgVdL6,,,"Salsomaggiore Terme",Parma,,,"44,815436","9,9773818",Pubblico
61373,"Welcome Room","San Secondo Parmense - Welcome Room",https://maps.app.goo.gl/4qEsFYwk992Kr5yj8,,,"San Secondo Parmense",Parma,,,"44,9199804","10,2238655",Pubblico
61374,IAT,"Sala Baganza e Valli di Parma - Ufficio Informazioni e Accoglienza Turistica (IAT)",https://maps.app.goo.gl/SbpFe3vhzWbak7Nk8,,,"Sala Baganza",Parma,,,"44,7126265","10,2251091",Pubblico
61375,"Welcome Room","Correggio - Welcome Room",https://maps.app.goo.gl/FtQXGRoNb8dPGg627,,,Correggio,"Reggio nell'Emilia",,,"44,7720008","10,779535",Pubblico
61376,IAT,"Guastalla e Bassa reggiana - Ufficio Informazioni e Accoglienza Turistica (IAT)",https://maps.app.goo.gl/LLvatdA5YoMYzkZ7A,,,Guastalla,"Reggio nell'Emilia",,,"44,9222967","10,6543876",Pubblico
61377,"IAT R","Reggio Emilia - Ufficio Informazioni e Accoglienza Turistica (IAT-R) - Reggio Emilia Welcome",https://maps.app.goo.gl/4ZzsTQkArP4dYvPd7,,,"Reggio nell'Emilia","Reggio nell'Emilia",,,"44,6974294","10,6273876",Pubblico
61378,IAT,"Castelnovo ne' Monti e Appennino reggiano - Ufficio Informazioni e Accoglienza Turistica (IAT)",https://maps.app.goo.gl/LWxJbhnqqGU4MJX28,,,"Castelnovo ne' Monti","Reggio nell'Emilia",,,"44,4345747","10,3987091",Pubblico
61379,IAT,"Bagno di Romagna - Ufficio Informazioni e Accoglienza Turistica (IAT)",https://maps.app.goo.gl/sg48KfppECwfgbWj9,,,"Bagno di Romagna",Forlì-Cesena,,,"43,8332658","11,9585367",Pubblico
61380,"Welcome Room","Bertinoro - Welcome Room",https://maps.app.goo.gl/YNJt7rSLskRziRpaA,,,Bertinoro,Forlì-Cesena,,,"44,1493464","12,1312855",Pubblico
61381,"Welcome Room","Castrocaro Terme e Terra del Sole - Welcome Room",https://maps.app.goo.gl/fr9aimMEhcMfSGSAA,,,"Castrocaro Terme e Terra del Sole",Forlì-Cesena,,,"44,1717216","11,9442508",Pubblico
61382,"IAT R","Cesena - Ufficio Informazioni e Accoglienza Turistica (IAT-R)",https://maps.app.goo.gl/ddo53H5Y4wT4LFv76,,,Cesena,Forlì-Cesena,,,"44,1368071","12,239823",Pubblico
61383,IAT,"Cesenatico - Ufficio Informazioni e Accoglienza Turistica (IAT)",https://maps.app.goo.gl/nyxvTQb2QzRAt75G9,,,Cesenatico,Forlì-Cesena,,,"44,2002215","12,3853287",Pubblico
61384,"IAT Mobile","Cesenatico Valverde - Ufficio Informazioni e Accoglienza Turistica (IAT mobile)",https://maps.app.goo.gl/skqzey2gxCLtQqEC9,,"Da Pasqua a metà settembre",Cesenatico,Forlì-Cesena,"Viale Carducci",292,"44,181008","12,4232807",Pubblico
61385,IAT,"Forlì - Ufficio Informazioni e Accoglienza Turistica (IAT)",https://maps.app.goo.gl/sbWaXARiJudy8gvUA,,,Forlì,Forlì-Cesena,,,"44,2226037","12,0401697",Pubblico
61386,IAT,"Forlimpopoli - Ufficio Informazioni e Accoglienza Turistica (IAT)",https://maps.app.goo.gl/epY25F76nVkcrZGS7,,,Forlimpopoli,Forlì-Cesena,,,"44,1883156","12,124103",Pubblico
61388,IAT,"Gatteo mare - Ufficio Informazioni e Accoglienza Turistica (IAT)",https://maps.app.goo.gl/oumfnPtapCTs7dvC9,,,Gatteo,Forlì-Cesena,"Piazza della Libertà",10,"44,1707578","12,4340055",Pubblico
61389,"Welcome Room","Longiano - Welcome Room",https://maps.app.goo.gl/3VGhmNhdRZtHXKx97,,,Longiano,Forlì-Cesena,,,"44,0727656","12,3225946",Pubblico
61390,IAT,"Predappio - Ufficio Informazioni e Accoglienza Turistica (IAT)",https://maps.app.goo.gl/HyTYDw9QKJPNdN7A7,,,Predappio,Forlì-Cesena,,,"44,101794","11,9778418",Pubblico
61391,"Welcome Room","Premilcuore - Welcome Room",https://maps.app.goo.gl/vfTZuKgfaUZs72BE9,,,Premilcuore,Forlì-Cesena,,,"43,9791919","11,7783094",Pubblico
61392,IAT,"San Mauro mare - Ufficio Informazioni e Accoglienza Turistica (IAT)",https://maps.app.goo.gl/FPhEmyQjDq2LpvSUA,,,"San Mauro Pascoli",Forlì-Cesena,,,"44,1634369","12,442032",Pubblico
61393,"Welcome Room","Santa Sofia - Welcome Room",https://maps.app.goo.gl/ZE13D34VXqHK1zzT8,,,"Santa Sofia",Forlì-Cesena,,,"43,9475133","11,904822",Pubblico
61394,"IAT Mobile","Sarsina - Ufficio Informazioni e Accoglienza Turistica (IAT mobile)",https://maps.app.goo.gl/Q3rBxH1tQYMb1FM39,,Annuale,Sarsina,Forlì-Cesena,,,"43,9191664","12,141353",Pubblico
61395,"IAT Mobile","Verghereto - Ufficio Informazioni e Accoglienza Turistica (IAT mobile)",https://maps.app.goo.gl/DDd6zBmSTRUkiaCi9,,"Da Maggio a Ottobre",Verghereto,Forlì-Cesena,,,"43,7774315","12,0887996",Pubblico
61397,IAT,"Abbazia di Pomposa - Ufficio Informazioni e Accoglienza Turistica (IAT)",https://maps.app.goo.gl/vejUZtpFQ35DAiEk8,,,Codigoro,Ferrara,,,"44,8324863","12,1724385",Pubblico
61398,"IAT R","Comacchio - Ufficio Informazioni e Accoglienza Turistica (IAT-R)",https://maps.app.goo.gl/m2xhMM7pkQX3Y6XW8,,,Comacchio,Ferrara,,,"44,6933066","12,1791415",Pubblico
61399,"IAT Mobile","Lido degli Estensi - Ufficio Informazioni e Accoglienza Turistica (IAT mobile)",https://maps.app.goo.gl/tKMwDLtXSTFqsWTD6,,"Da aprile a metà settembre",Comacchio,Ferrara,,,"44,6630766","12,2415095",Pubblico
61400,"IAT Mobile","Lido delle Nazioni - Ufficio Informazioni e Accoglienza Turistica (IAT mobile)",https://maps.app.goo.gl/vJcDrZjrGCp8Fphq5,,"Da aprile a metà settembre",Comacchio,Ferrara,,,"44,7377227","12,2383236",Pubblico
61401,"IAT Mobile","Lido di Pomposa - Ufficio Informazioni e Accoglienza Turistica (IAT mobile)",https://maps.app.goo.gl/wsvMvYz9TmDmKtBi6,,"Da aprile a metà settembre",Comacchio,Ferrara,,,"44,714167","12,2373281",Pubblico
61402,"IAT Mobile","Porto Garibaldi - Ufficio Informazioni e Accoglienza Turistica (IAT mobile)",https://maps.app.goo.gl/w53WHofsKGnYPk5c8,,"Da aprile a metà settembre",Comacchio,Ferrara,,,"44,6766502","12,2307683",Pubblico
61403,"IAT Mobile","Lido di Spina - Ufficio Informazioni e Accoglienza Turistica (IAT mobile)",https://maps.app.goo.gl/b72tAvQKp8UJsnXk9,,"Da aprile a metà settembre",Comacchio,Ferrara,,,"44,6460562","12,2469377",Pubblico
61404,"IAT Mobile","Lido di Volano - Ufficio Informazioni e Accoglienza Turistica (IAT mobile)",https://maps.app.goo.gl/YWTVUPN2Sv1C2vq99,,"Da aprile a metà settembre",Comacchio,Ferrara,,,"44,7993376","12,2660883",Pubblico
61405,"IAT R","Ferrara - Ufficio Informazioni e Accoglienza Turistica (IAT-R)",https://maps.app.goo.gl/FyNfFFmKYfp3DYL1A,,,Ferrara,Ferrara,,,"44,8376664","11,6170409",Pubblico
61406,"Welcome Room","Goro - Welcome Room",https://maps.app.goo.gl/8wSXoKUAnGj9rUjv9,,,Goro,Ferrara,,,"44,8536933","12,2983659",Pubblico
61407,IAT,"Mesola - Ufficio Informazioni e Accoglienza Turistica (IAT)",https://maps.app.goo.gl/2No5ZCafnBmQMmcc8,,,Mesola,Ferrara,,,"44,9232325","12,2276994",Pubblico
61408,IAT,"Bagnacavallo e Bassa Romagna - Ufficio Informazioni e Accoglienza Turistica (IAT)",https://maps.app.goo.gl/wRrmpfyqBmJHLczf8,,,Bagnacavallo,Ravenna,,,"44,416497","11,9748821",Pubblico
61409,"Welcome Room","Brisighella - Welcome Room",https://maps.app.goo.gl/FR5UW5R4oThNu4gM9,,,Brisighella,Ravenna,,,"44,2238803","11,7699999",Pubblico
61410,"Welcome Room","Casola Valsenio - Welcome Room",https://maps.app.goo.gl/wthsPEPvPfHeFtiv9,,,"Casola Valsenio",Ravenna,,,"44,2234818","11,6206637",Pubblico
61411,"Welcome Room","Milano Marittima - Welcome Room",https://maps.app.goo.gl/UGnCM59VBZKDMkMZ9,,,Cervia,Ravenna,,,"44,2806997","12,3447719",Pubblico
61412,"IAT R","Cervia - Ufficio Informazioni e Accoglienza Turistica (IAT-R)",https://maps.app.goo.gl/zgRXGD64tMMLQ3XY8,,,Cervia,Ravenna,,,"44,263031","12,3480132",Pubblico
61413,"Welcome Room","Faenza - Welcome Room",https://maps.app.goo.gl/AgcGcAVLBkCDfV4QA,,,Faenza,Ravenna,,,"44,2855169","11,8797754",Pubblico
61414,"Welcome Room","Casalborsetti - Welcome Room",https://maps.app.goo.gl/SiMkdxS7XwukWFLi8,,,Ravenna,Ravenna,,,"44,5531273","12,2786582",Pubblico
61415,"Welcome Room","Lido Adriano - Welcome Room",https://maps.app.goo.gl/m8eD5SAiHGUV8SQv6,,,Ravenna,Ravenna,,,"44,4107746","12,3096596",Pubblico
61416,"IAT R","Ravenna - Ufficio Informazioni e Accoglienza Turistica (IAT-R)",https://maps.app.goo.gl/QiaN9ReiXNp9Re699,,,Ravenna,Ravenna,,,"44,4156463","12,1977146",Pubblico
61417,"IAT Mobile","Lido di Classe - Ufficio Informazioni e Accoglienza Turistica (IAT mobile)",https://maps.app.goo.gl/NRWztQL2ci6gNwTVA,,"Da giugno a settembre",Ravenna,Ravenna,,,"44,325718","12,3343872",Pubblico
61418,"IAT Mobile","Lido di Dante - Ufficio Informazioni e Accoglienza Turistica (IAT mobile)",https://maps.app.goo.gl/sq1BFcqu8Sds7m5k6,,"Da giugno a settembre",Ravenna,Ravenna,,,"44,3876478","12,3134094",Pubblico
61419,"IAT Mobile","Lido di Savio - Ufficio Informazioni e Accoglienza Turistica (IAT mobile)",https://maps.app.goo.gl/C9BPbq9TCPmucuvZA,,"Da giugno a settembre",Ravenna,Ravenna,,,"44,3075638","12,3419013",Pubblico
61420,"IAT Mobile","Marina di Ravenna - Ufficio Informazioni e Accoglienza Turistica (IAT mobile)",https://maps.app.goo.gl/SQsbetnsNaupkVTH9,,"Da giugno a settembre",Ravenna,Ravenna,,,"44,4851906","12,2765724",Pubblico
61421,"IAT Mobile","Marina Romea - Ufficio Informazioni e Accoglienza Turistica (IAT mobile)",https://maps.app.goo.gl/wWfvysVnrKMR9WW97,,"Da giugno a settembre",Ravenna,Ravenna,,,"44,5150314","12,2707634",Pubblico
61422,"IAT Mobile","Porto Corsini - Ufficio Informazioni e Accoglienza Turistica (IAT mobile)",https://maps.app.goo.gl/dsWGFExmH9JvFaFX9,,"Da giugno a settembre",Ravenna,Ravenna,,,"44,4938703","12,2758361",Pubblico
61423,"IAT Mobile","Punta Marina Terme - Ufficio Informazioni e Accoglienza Turistica (IAT mobile)",https://maps.app.goo.gl/9ynv5p4W4niz1cf79,,"Da giugno a settembre",Ravenna,Ravenna,,,"44,4415582","12,2925522",Pubblico
61424,IAT,"Riolo Terme - Ufficio Informazioni e Accoglienza Turistica (IAT)",https://maps.app.goo.gl/95rLi389A9GaEksKA,,,"Riolo Terme",Ravenna,,,"44,2756954","11,7215601",Pubblico
61426,IAT,"Bellaria Igea Marina - Ufficio Informazioni e Accoglienza Turistica (IAT)",https://maps.app.goo.gl/BjdYA4MkNbjPspQ26,,,"Bellaria-Igea Marina",Rimini,,,"44,150265","12,4418585",Pubblico
61427,"IAT Mobile","Cattolica - Ufficio Informazioni e Accoglienza Turistica (IAT mobile)",https://maps.app.goo.gl/HpVFjgHcgkvCgckw8,,"Da giugno a settembre",Cattolica,Rimini,,,"43,9670599","12,7398493",Pubblico
61428,IAT,"Cattolica - Ufficio Informazioni e Accoglienza Turistica (IAT)",https://maps.app.goo.gl/xZgBTA23D7vB5eFV9,,,Cattolica,Rimini,,,"43,9540533","12,7370208",Pubblico
61429,"Welcome Room","Gemmano - Welcome Room",https://maps.app.goo.gl/1YF9B6Rnmd1PctZJ7,,,Gemmano,Rimini,,,"43,8730506","12,5433516",Pubblico
61430,"IAT R","Misano Adriatico - Ufficio Informazioni e Accoglienza Turistica (IAT-R)",https://maps.app.goo.gl/TsZdhJaFr7WgwjZG8,,,"Misano Adriatico",Rimini,,,"43,9787073","12,6976279",Pubblico
61431,"Welcome Room","Mondaino - Welcome Room",https://maps.app.goo.gl/YoDcLZUPzw4RdRDs8,,,Mondaino,Rimini,,,"43,8559875","12,6688697",Pubblico
61432,"Welcome Room","Montefiore Conca - Welcome Room",https://maps.app.goo.gl/vVK6dALJyVaX8uuG7,,,"Montefiore Conca",Rimini,,,"43,8909781","12,609055",Pubblico
61433,"Welcome Room","Montegridolfo - Welcome Room",https://maps.app.goo.gl/cciqdyK1gYC3udvB9,,,Montegridolfo,Rimini,,,"43,8587397","12,6870478",Pubblico
61435,"Welcome Room","Pennabilli - Welcome Room",https://maps.app.goo.gl/gd5A3HL57KkY8UQb8,,,Pennabilli,Rimini,,,"43,8168234","12,2626722",Pubblico
61436,"IAT R","Riccione - Ufficio Informazioni e Accoglienza Turistica (IAT-R)",https://maps.app.goo.gl/CgDdemugKvzPzBHo8,,,Riccione,Rimini,,,"44,0026187","12,6546919",Pubblico
61437,"Welcome Room","Rimini centro - Welcome Room",https://maps.app.goo.gl/BespVDQm54zLcf6V7,,,Rimini,Rimini,,,"44,0613767","12,5635482",Pubblico
61438,IAT,"Rimini Marina centro - Ufficio Informazioni e Accoglienza Turistica (IAT)",https://maps.app.goo.gl/JAYSh8cuxZZ5WGU76,,,Rimini,Rimini,,,"44,0712192","12,5749812",Pubblico
61439,"IAT R","Rimini stazione - Ufficio Informazioni e Accoglienza Turistica (IAT-R)",https://maps.app.goo.gl/ifx32fgqL4XFEKnE8,,,Rimini,Rimini,,,"44,0638349","12,5715446",Pubblico
61440,"IAT Mobile","Viserba - Ufficio Informazioni e Accoglienza Turistica (IAT mobile)",https://maps.app.goo.gl/qJXDdn9Ji9Xm1vib7,,"da giugno a settembre",Rimini,Rimini,,,"44,0904357","12,5319525",Pubblico
61441,"Welcome Room","San Giovanni in Marignano - Welcome Room",https://maps.app.goo.gl/j2QAXG91PCFSr9mU6,,,"San Giovanni in Marignano",Rimini,,,"43,9389483","12,7101999",Pubblico
61442,IAT,"San Leo - Ufficio Informazioni e Accoglienza Turistica (IAT)",https://maps.app.goo.gl/bvMQbtwXThXPgeVh7,,,"San Leo",Rimini,,,"43,8967739","12,3407959",Pubblico
61443,IAT,"Sant'Agata Feltria - Ufficio Informazioni e Accoglienza Turistica (IAT)",https://maps.app.goo.gl/BfXJuRRq4wpMMFBv7,,,"Sant'Agata Feltria",Rimini,,,"43,8641174","12,2058497",Pubblico
61444,IAT,"Santarcangelo di Romagna - Ufficio Informazioni e Accoglienza Turistica (IAT)",https://maps.app.goo.gl/yLsnA9QfxFjZyACf9,,,"Santarcangelo di Romagna",Rimini,,,"44,0635086","12,4423948",Pubblico
61445,"Welcome Room","Talamello - Welcome Room",https://maps.app.goo.gl/T92DkRirG9V4iMz59,,,Talamello,Rimini,,,"43,905949","12,2813967",Pubblico
61446,IAT,"Verucchio - Ufficio Informazioni e Accoglienza Turistica (IAT)",https://maps.app.goo.gl/ZdQjEMU35L6dZwrD9,,,Verucchio,Rimini,,,"43,98373","12,4184051",Pubblico
61447,IAT,"Alto Reno Terme - Porretta Terme - Ufficio Informazioni e Accoglienza Turistica (IAT)",https://maps.app.goo.gl/NEbnYXMg6Fv2A4PA8,,,"Alto Reno Terme",Bologna,,,"44,1546992","10,9734008",Pubblico
61448,"IAT R","Bologna - Ufficio Informazioni e Accoglienza Turistica (IAT-R) - Bologna Welcome",https://maps.app.goo.gl/dqY63X4mRc2Nob3y8,,,Bologna,Bologna,,,"44,4939903","11,3406011",Pubblico
61449,IAT,"Dozza - Ufficio Informazioni e Accoglienza Turistica (IAT)",https://maps.app.goo.gl/ZbDv8fEXuVTvDD9A7,,,Dozza,Bologna,,,"44,358825","11,6250887",Pubblico
61450,"Welcome Room","Imola - Welcome Room",https://maps.app.goo.gl/rk7CA1qknLbmzJZ18,,,Imola,Bologna,,,"44,353187","11,7108831",Pubblico
61452,IAT,"Lizzano in Belvedere Vidiciatico (Corno alle Scale) - Ufficio Informazioni e Accoglienza Turistica (IAT)",https://maps.app.goo.gl/ARYv2CepxCJj4R6U8,,,"Lizzano in Belvedere",Bologna,,,"44,1706929","10,8729783",Pubblico
61453,"Welcome Room","Marzabotto - Welcome Room",https://maps.app.goo.gl/4DcV3pvysZLvX7Pa9,,,Marzabotto,Bologna,,,"44,3411935","11,2016165",Pubblico
61454,IAT,"Monghidoro - Ufficio Informazioni e Accoglienza Turistica (IAT)",https://maps.app.goo.gl/gR2hijqMqFNNKJgAA,,,Monghidoro,Bologna,,,"44,219318","11,3139194",Pubblico
61455,"IAT R","Imola Area Imolese - Ufficio Informazioni e Accoglienza Turistica (IAT-R)",https://maps.app.goo.gl/Dk1utCPvhxcfSSai6,,,Imola,Bologna,,,"44,3488285","11,7094006",Pubblico
61456,"Welcome Room","San Benedetto Val di Sambro Madonna dei Fornelli - Welcome Room",https://maps.app.goo.gl/dc43KAhmQ8mCe4L79,,,"San Benedetto Val di Sambro",Bologna,,,"44,200578","11,2571575",Pubblico
61457,"IAT R","San Giovanni in Persiceto e Pianura bolognese - Ufficio Informazioni e Accoglienza Turistica (IAT-R)",https://maps.app.goo.gl/6JLkwqysxrUqhD1B6,,,"San Giovanni in Persiceto",Bologna,,,"44,6414128","11,1888094",Pubblico
61458,"IAT R","Sasso Marconi e Appennino bolognese - Ufficio Informazioni e Accoglienza Turistica (IAT-R)",https://maps.app.goo.gl/REP8TAPMGutMQGtw6,,,"Sasso Marconi",Bologna,,,"44,394695","11,2421543",Pubblico
61459,"IAT R","Maranello - Terra di Motori - Ufficio Informazioni e Accoglienza Turistica (IAT-R)",https://maps.app.goo.gl/iRN89yVJfb9uoA3Q6,,,Maranello,Modena,,,"44,5301183","10,8585767",Pubblico
61460,"IAT R","Modena - Ufficio Informazioni e Accoglienza Turistica (IAT-R)",https://maps.app.goo.gl/gUoRzr9Rg9op9k8p9,,,Modena,Modena,,,"44,6459079","10,9235745",Pubblico
61461,"Welcome Room","Modena - Welcome Room",https://maps.app.goo.gl/8kHAdkE1BuyBPexd9,,,Modena,Modena,,,"44,6465526","10,922062",Pubblico
61462,"Welcome Room","Pavullo nel Frignano - Welcome Room",https://maps.app.goo.gl/LSuyqJZtGVzfYwfd6,,,"Pavullo nel Frignano",Modena,,,"44,3413242","10,8322985",Pubblico
61463,IAT,"Sassuolo - Ufficio Informazioni e Accoglienza Turistica (IAT)",https://maps.app.goo.gl/JkjjEz5ARWHdSGqM7,,,Sassuolo,Modena,,,"44,5423588","10,7777462",Pubblico
61464,IAT,"Sestola - Ufficio Informazioni e Accoglienza Turistica (IAT)",https://maps.app.goo.gl/WqXsxigshHDooFbNA,,,Sestola,Modena,,,"44,2293335","10,7685837",Pubblico
61465,IAT,"Carpi - Unione Terre d'Argine - Ufficio Informazioni e Accoglienza Turistica (IAT)",https://maps.app.goo.gl/7zx4FwGtS6e83sBp9,,,Carpi,Modena,,,"44,7832651","10,8835554",Pubblico
61466,IAT,"Castelvetro di Modena - Unione Terre di Castelli - Ufficio Informazioni e Accoglienza Turistica (IAT)",https://maps.app.goo.gl/3i2yHC26drGtUg9d6,,,"Castelvetro di Modena",Modena,,,"44,503126","10,9405252",Pubblico
61467,"IAT diffuso","Bagno di Romagna - IAT Diffuso",,"Agriturismo Coradosso",,"Bagno di Romagna",Forlì-Cesena,"Via Coradosso - Loc. Selvapiana",329,"43,8762908","12,0501616",Pubblico
61468,"IAT diffuso","Bagno di Romagna - IAT Diffuso",,"Albergo Roma",,"Bagno di Romagna",Forlì-Cesena,"Via della Fonte",2,"43,8341171","11,9589971",Pubblico
61469,"IAT diffuso","Bagno di Romagna - IAT Diffuso",,"Bar Joy vizio liquido",,"Bagno di Romagna",Forlì-Cesena,"Piazza Ricasoli",5,"43,8339623","11,9594708",Pubblico
61470,"IAT diffuso","Bagno di Romagna - IAT Diffuso",,"Fattoria Ca' di Gianni",,"Bagno di Romagna",Forlì-Cesena,"via Cà di Gianni",159,"43,8530064","11,9883675",Pubblico
61471,"IAT diffuso","Bagno di Romagna - IAT Diffuso",,"Hotel Tosco Romagnolo",,"Bagno di Romagna",Forlì-Cesena,"via del Popolo",2,"43,8329083","11,9580329",Pubblico
61472,"IAT diffuso","Bagno di Romagna - IAT Diffuso",,"Idro Ecomuseo",,"Bagno di Romagna",Forlì-Cesena,"Borgo di Ridracoli",,"43,8851293","11,8350876",Pubblico
61473,"IAT diffuso","Bagno di Romagna - IAT Diffuso",,"Il Lago Lungo",,"Bagno di Romagna",Forlì-Cesena,"Lago Lungo",,"43,8467257","12,0024036",Pubblico
61474,"IAT diffuso","Bagno di Romagna - IAT Diffuso",,"Non solo bar",,"Bagno di Romagna",Forlì-Cesena,"via Fiorentina",44,"43,8330415","11,9581788",Pubblico
61475,"IAT diffuso","Bagno di Romagna - IAT Diffuso",,"Orso Bianco",,"Bagno di Romagna",Forlì-Cesena,"via Pascoli",12,"43,8579747","11,9756878",Pubblico
61476,"IAT diffuso","Bagno di Romagna - IAT Diffuso",,"Pizzeria Invito",,"Bagno di Romagna",Forlì-Cesena,"via dell'Orto",1,"43,8369178","11,9598163",Pubblico
61477,"IAT diffuso","Bagno di Romagna - IAT Diffuso",,"Agriturismo Pratalbino",,"Bagno di Romagna",Forlì-Cesena,"via Crocedevoli",6,"43,8959685","11,9497675",Pubblico
61478,"IAT diffuso","Bagno di Romagna - IAT Diffuso",,"RIifugio Trappisa di sotto",,"Bagno di Romagna",Forlì-Cesena,"Strabatenza - Trappisa di Sotto",21,"43,8691875","11,8879375",Pubblico
61479,"IAT diffuso","Bagno di Romagna - IAT Diffuso",,"Ristorante Giardino",,"Bagno di Romagna",Forlì-Cesena,"Piazza Martiri 25 1944",12,"43,8577644","11,9758142",Pubblico
61480,"IAT diffuso","Bagno di Romagna - IAT Diffuso",,"Centro Turistico Valbonella",,"Bagno di Romagna",Forlì-Cesena,Valbonella,38,"43,8578143","12,008986",Pubblico
61481,"IAT diffuso","Castrocaro Terme e Terra del Sole - IAT Diffuso",,"Gran Caffè '900",,"Castrocaro Terme e Terra del Sole",Forlì-Cesena,"Viale Marconi",9,"44,1779687","11,9521486",Pubblico
61482,"IAT diffuso","Castrocaro Terme e Terra del Sole - IAT Diffuso",,"Twelve Cafè",,"Castrocaro Terme e Terra del Sole",Forlì-Cesena,"Viale Marconi",19,"44,1735587","11,9484808",Pubblico
61483,"IAT diffuso","Castrocaro Terme e Terra del Sole - IAT Diffuso",,"Ci voleva",,"Castrocaro Terme e Terra del Sole",Forlì-Cesena,"Viale Marconi",92,"44,1754347","11,9511696",Pubblico
61484,"IAT diffuso","Castrocaro Terme e Terra del Sole - IAT Diffuso",,"Due Borghi",,"Castrocaro Terme e Terra del Sole",Forlì-Cesena,"Piazza A. Garibaldi",9,"44,1859586","11,9597124",Pubblico
61485,"IAT diffuso","Castrocaro Terme e Terra del Sole - IAT Diffuso",,"Bar Calderone",,"Castrocaro Terme e Terra del Sole",Forlì-Cesena,"Via Luigi Benericetti",8,"44,1850343","11,9607972",Pubblico
61486,"IAT diffuso","Forlimpopoli - IAT Diffuso",,"Edicola Amadori Errica e Eva & C. S.n.c.",,Forlimpopoli,Forlì-Cesena,"Largo Paolucci De Calboli",7,"44,1869163","12,1258194",Pubblico
61487,"IAT diffuso","Forlimpopoli - IAT Diffuso",,"Edicola Siboni",,Forlimpopoli,Forlì-Cesena,Crocette,,"44,186477","12,1223841",Pubblico
61490,"IAT diffuso","Alfonsine - IAT Diffuso",,"Labirinto Effimero",,Alfonsine,Ravenna,"Via Roma",111,"44,496369","12,0524594",Pubblico
61491,"IAT diffuso","Bagnacavallo - IAT Diffuso",,"Ecomuseo delle Erbe Palustri",,Bagnacavallo,Ravenna,"Via Giuseppe Ungaretti",1,"44,449433070603","12,049368065234",Pubblico
61492,"IAT diffuso","Bagnacavallo - IAT Diffuso",,"Antico Convento San Francesco",,Bagnacavallo,Ravenna,"Via Cadorna",10,"44,4158608","11,972969",Pubblico
61493,"IAT diffuso","Milano Marittima - IAT Diffuso",,"Casa delle Farfalle",,Cervia,Ravenna,"Via Jelenia Gora",6/D,"44,2783046","12,3363171",Pubblico
61494,"IAT diffuso","Cervia - IAT Diffuso",,"Centro Visite Saline di Cervia",,Cervia,Ravenna,"Via Bova",61,"44,25368343088","12,341270785541",Pubblico
61495,"IAT diffuso","Cervia - IAT Diffuso",,"Officine del Sale",,Cervia,Ravenna,"Via Evangelisti",2,"44,2625142","12,3503068",Pubblico
61496,"IAT diffuso","Milano Marittima - IAT Diffuso",,"Spiaggia Bellettini 297",,Cervia,Ravenna,"Via VIII Traversa",22/24,"44,285353284989","12,350321148162",Pubblico
61497,"IAT diffuso","Cervia - IAT Diffuso",,"Terme di Cervia",,Cervia,Ravenna,"Via Forlanini",16,"44,2730291","12,3288386",Pubblico
61498,"IAT diffuso","Pinarella - IAT Diffuso",,"Spiaggia Bagno Stella",,Cervia,Ravenna,"Via Arenile Demaniale",77/78,"44,236253","12,3750051",Pubblico
61500,"IAT diffuso","Lugo - IAT Diffuso",,"Hotel Ala d'Oro",,Lugo,Ravenna,"Corso Giacomo Matteotti",56,"44,4190612","11,9152086",Pubblico
61501,"IAT diffuso","Bellaria-Igea Marina - IAT Diffuso",,"Fondazione Verdeblu",,"Bellaria-Igea Marina",Rimini,"via Panzini",80,"44,1494059","12,4626645",Pubblico
61502,"IAT diffuso","Bellaria-Igea Marina - IAT Diffuso",,Turismhotels,,"Bellaria-Igea Marina",Rimini,"via Fermi",10,"44,1440056","12,4617919",Pubblico
61503,"IAT diffuso","Bellaria-Igea Marina - IAT Diffuso",,"Emotion Travel Experience",,"Bellaria-Igea Marina",Rimini,"via Tibullo",40,"44,1334258","12,4822273",Pubblico
61504,"IAT diffuso","Rimini - IAT Diffuso",,"Ristorante dallo zio",,Rimini,Rimini,"Via Santa Chiara",16,"44,0567753","12,5699139",Pubblico
61505,"IAT diffuso","Rimini - IAT Diffuso",,"Osteria de borg",,Rimini,Rimini,"Via Forzieri",12,"44,0647963","12,5633407",Pubblico
61506,"IAT diffuso","Rimini - IAT Diffuso",,Nudecrud,,Rimini,Rimini,"Viale Tiberio",27/29,"44,0645325","12,5629946",Pubblico
61507,"IAT diffuso","Torre Pedrera - IAT Diffuso",,"Hotel Rosati",,Rimini,Rimini,"Viale San Salvador",190,"44,1122978","12,5059638",Pubblico
61509,"IAT diffuso","Rimini - IAT Diffuso",,"Hotel Napoleon",,Rimini,Rimini,"Piazza C. Battisti",22,"44,0645108","12,571242",Pubblico
61510,"IAT diffuso","Viserbella - IAT Diffuso",,"Hotel Life",,Rimini,Rimini,"Viale Porto Palos",34,"44,0934427","12,5300497",Pubblico
61511,"IAT diffuso","Miramare - IAT Diffuso",,"Hotel dei Platani",,Rimini,Rimini,"Viale Oliveti",76,"44,031352","12,6195131",Pubblico
61512,"IAT diffuso","Miramare - IAT Diffuso",,"Hotel Aurea",,Rimini,Rimini,"Viale Martinelli",7,"44,0308438","12,6209313",Pubblico
61513,"IAT diffuso","Rimini - IAT Diffuso",,"I viaggi di Bianco e Blu",,Rimini,Rimini,"Piazza C. Battisti",1,"44,0635147","12,5747613",Pubblico
61514,"IAT diffuso","Crevalcore - IAT Diffuso",,"Associazione nazionale Carabinieri in congedo",,Crevalcore,Bologna,"Via della Pace",361,"44,7187255","11,1526692",Pubblico
61515,"IAT diffuso","Crevalcore - IAT Diffuso",,"Pro Loco Crevalcore Aps",,Crevalcore,Bologna,"viale Amendola",330,"44,7195986","11,1471475",Pubblico
61516,"IAT diffuso","Crevalcore - IAT Diffuso",,"Motoclub Crevalcore Asd",,Crevalcore,Bologna,"via del Bottazzo",229,"44,7649651","11,1446109",Pubblico
61518,"IAT diffuso","Zola Predosa Colli Bolognesi - IAT Diffuso",,"Cà La Ghironda Resort",,"Zola Predosa",Bologna,"Via Leonardo da Vinci",19/1,"44,4948239","11,1889479",Pubblico
61519,"IAT diffuso","Valsamoggia Colli Bolognesi - IAT Diffuso",,"Pro Loco Savigno Aps",,Valsamoggia,Bologna,"Via Marconi - Savigno",29,"44,3894543","11,0738721",Pubblico
61522,"IAT diffuso","Monte San Pietro Colli Bolognesi  - IAT Diffuso",,"Bar Due di Picche",,"Monte San Pietro",Bologna,"Via del Lavino",419/A,"44,4082986","11,1280847",Pubblico
61523,"IAT diffuso","Maranello - Terra di Motori IAT Diffuso",,"Agriturismo azienda agricola Ferrari Maria Rita",,Maranello,Modena,"Via S.Antonio",2,"44,5173223","10,8989597",Pubblico
61525,"IAT diffuso","Maranello - Terra di Motori IAT Diffuso",,"Mercanti di sapori",,Maranello,Modena,"Via Teano",14,"44,5276783","10,8657504",Pubblico
61526,"IAT diffuso","Maranello - Terra di Motori IAT Diffuso",,Fotodigital,,"Fiorano Modenese",Modena,"Via Statale",31,"44,5338179","10,8400461",Pubblico
61527,"IAT diffuso","Maranello - Terra di Motori IAT Diffuso",,"Hotel Alexander",,"Fiorano Modenese",Modena,"Via Resistenza",46,"44,5334363","10,8457135",Pubblico
61528,"IAT diffuso","Maranello - Terra di Motori IAT Diffuso",,"Casa Rossa di Ferrari Walter",,Formigine,Modena,"Via Cava",16,"44,5727194","10,847694",Pubblico
61529,"IAT diffuso","Maranello - Terra di Motori IAT Diffuso",,"B&B Cà Dal Frol",,Formigine,Modena,"Via Stradella",12,"44,5563082","10,8681956",Pubblico
61530,"IAT diffuso","Maranello - Terra di Motori IAT Diffuso",,"Modena Golf & Country Club A.s.d.",,Formigine,Modena,"Via Castelnuovo Rangone",4,"44,54832","10,9038",Pubblico
61531,"IAT diffuso","Maranello - Terra di Motori IAT Diffuso",,"Villa Magnolia",,Formigine,Modena,"Via Adolfo Venturi",9,"44,5986648","10,8641816",Pubblico
61532,"IAT diffuso","Maranello - Terra di Motori IAT Diffuso",,"R&B Il Melograno",,Formigine,Modena,"Via Ghiarola",59,"44,5642216","10,8396015",Pubblico
61533,"IAT diffuso","Maranello - Terra di Motori IAT Diffuso",,"Il profumo dei Tigli B&B",,Formigine,Modena,"Via Vaccari",26,"44,6418402","10,9175993",Pubblico
61534,"IAT diffuso","Maranello - Terra di Motori IAT Diffuso",,"Hotel La Fenice",,Formigine,Modena,"Via Caduti sul Lavoro",12,"44,5727194","10,847694",Pubblico
61535,"IAT diffuso","Maranello - Terra di Motori IAT Diffuso",,"Al Ciocco snc",,Montefiorino,Modena,"Via Palloncino",2,"44,34737","10,56856",Pubblico
61537,"IAT diffuso","Maranello - Terra di Motori IAT Diffuso",,"Polisportiva Monchio ASD APS",,Palagano,Modena,"Via Panoramica",151/E,"44,2478706","10,7210891",Pubblico
61538,"IAT diffuso","Maranello - Terra di Motori IAT Diffuso",,"Locanda Cialamina SAS di Forti Enrica",,Palagano,Modena,"Palazzo Pierotti",38,"44,32397","10,64971",Pubblico
61539,"IAT diffuso","Maranello - Terra di Motori IAT Diffuso",,"Nuova Proloco Prignano S/S APS",,"Prignano sulla Secchia",Modena,"Via Allegretti",166,"44,4368453","10,6908299",Pubblico
61540,"IAT diffuso","Mirandola IAT Diffuso",,Dolcemente,,Mirandola,Modena,"Via Curtatone",17,"44,8868555","11,066426",Pubblico
61541,"IAT diffuso","Mirandola IAT Diffuso",,"Tutto capelli fai da te",,Mirandola,Modena,"Piazza Mazzini",10,"44,8865636","11,0649874",Pubblico
61542,"IAT diffuso","Mirandola IAT Diffuso",,"Note di Malto",,Mirandola,Modena,"Piazza Castello",22,"44,8886102","11,0649753",Pubblico
61543,"IAT diffuso","Mirandola IAT Diffuso",,"Tintarella Viaggi",,Mirandola,Modena,"Piazza Costituente",42,"44,8886272","11,0663204",Pubblico
61544,"IAT diffuso","Mirandola IAT Diffuso",,Qbi,,Mirandola,Modena,"Via Verdi",41,"44,8886104","11,0678045",Pubblico
61545,"IAT diffuso","Mirandola IAT Diffuso",,"Le alchimie dei Pico",,Mirandola,Modena,"Piazza Costituente",65,"44,8890983","11,0653758",Pubblico
61546,"IAT diffuso","Mirandola IAT Diffuso",,"Foto ottica Pongiluppi",,Mirandola,Modena,"Via Volturno",16-18,"44,8874141","11,0666654",Pubblico
61547,"IAT diffuso","Nonantola IAT Diffuso",,"Museo di Nonantola",,Nonantola,Modena,"Via del Macello",,"44,6771694","11,0421642",Pubblico
61548,"IAT diffuso","Nonantola IAT Diffuso",,"Pro Loco Nonantola APS",,Nonantola,Modena,"Via Roma",10/A,"44,6788747","11,0411597",Pubblico
61549,"IAT diffuso","Nonantola IAT Diffuso",,eGOeBIKE,,Nonantola,Modena,"Via Marconi",28,"44,6773364","11,0427815",Pubblico
61550,"IAT diffuso","Nonantola IAT Diffuso",,"La Smorfia",,Nonantola,Modena,"Via Roma",48/50/52/54,"44,6788747","11,0411597",Pubblico
61551,"IAT diffuso","Nonantola IAT Diffuso",,"Sorsi e Morsi",,Nonantola,Modena,"Via Roma",26-28,"44,6781449","11,0416011",Pubblico
61553,"IAT diffuso","Unione Terre di Castelli IAT Diffuso",,"Museo dell'Aceto Balsamico Tradizionale di Modena APS",,Spilamberto,Modena,"Via Francesco Turati",28,"44,535057","11,0169474",Pubblico
61554,"IAT diffuso","Unione Terre di Castelli IAT Diffuso",,"Centro visite Borgo dei Sassi R&B",,Guiglia,Modena,"Via Sassi",2000,"44,3898565","10,9504644",Pubblico
61555,"IAT diffuso","Unione Terre di Castelli IAT Diffuso",,"Museo del Castagno e del Borlengo APS La Silucadora",,Zocca,Modena,"Via San Giacomo",724,"44,3415974","11,0181176",Pubblico
61556,"IAT diffuso","Unione Terre di Castelli IAT Diffuso",,"Circolo Polivalente Olimpia Vignola PIscina Vignola APS",,Vignola,Modena,"Via Portello",2,"44,4767938","11,0064732",Pubblico
61557,"IAT diffuso","Unione Terre di Castelli IAT Diffuso",,"Pro Loco Vignola Terra di Ciliegie APS",,Vignola,Modena,"Via Bellucci",1,"44,4800224","11,0111433",Pubblico
61558,"IAT diffuso","Unione Terre di Castelli IAT Diffuso",,"Fattoria Germoglio azienda agricola",,"Savignano sul Panaro",Modena,"Via Rio d'Orzo",535,"44,4647043","11,0269609",Pubblico
61559,"IAT diffuso","Unione Terre di Castelli IAT Diffuso",,"La Fontana azienda agricola",,Spilamberto,Modena,"Via Ghiarole",54/a,"44,5418971","11,0236126",Pubblico
61560,"IAT diffuso","Unione Terre di Castelli IAT Diffuso",,"Pro Loco Savignano sul Panaro",,"Savignano sul Panaro",Modena,"via crespellani",12,"44,4777879","11,0385171",Pubblico
61561,"IAT digitale","Bertinoro - IAT Digitale",,,"Tutti i giorni dell'anno",Bertinoro,Forlì-Cesena,"Piazza della Libertà",3,"44,1494465","12,1356425",Pubblico
61562,"IAT digitale","Copparo - IAT Digitale",,,"Collocato all'aperto, fruibile h24",Copparo,Ferrara,"Piazza della Libertà",,"44,8944449","11,8273896",Pubblico
61563,"IAT digitale","Riva Del Po - IAT Digitale",,,"Collocato all'aperto, fruibile h24",Ro,Ferrara,"Area sosta Camper -  Via Dazio 48",48,"44,951423","11,7602669",Pubblico
61564,"IAT digitale","Tresignana - IAT Digitale",,,"Collocato all'aperto, fruibile h24",Tresigallo,Ferrara,"Piazza Italia",32,"44,8177087","11,8968098",Pubblico
61565,"IAT digitale","Cervia - IAT Digitale",,,"Tutto l'anno",Cervia,Ravenna,"Viale della Stazione",36,"44,2587347","12,34726",Pubblico
61566,"IAT digitale","Tagliata - IAT Digitale",,,"Tutto l'anno",Cervia,Ravenna,"Viale Italia",374,"44,2245092","12,3814266",Pubblico
61567,"IAT digitale","Pinarella - IAT Digitale",,,"Da maggio a settembre",Cervia,Ravenna,"Via Tritone",15/b,"44,2411705","12,3635273",Pubblico
61568,"IAT digitale","Coriano - IAT Digitale",,,"Dal lunedì al venerdì",Coriano,Rimini,"piazza Mazzini",6,"43,964318","12,602595",Pubblico
61569,"IAT digitale","Talamello - IAT Digitale",,,"Luglio, Agosto, fiere autunnali e festività pasquali e natalizie",Talamello,Rimini,"piazza Saffi",27,"43,905949","12,2839716",Pubblico
61619,"IAT diffuso","Forlimpopoli - IAT Diffuso",,"Edicola Ravaglioli",,Forlimpopoli,Forlì-Cesena,"Piazza Pompilio",26,"44,1875469","12,127339",Pubblico
61620,"IAT diffuso","Forlimpopoli - IAT Diffuso",,"La nuova edicola di Elena Bartoli",,Forlimpopoli,Forlì-Cesena,"Della Madonna",1A,"44,1878637","12,128578",Pubblico
61621,"IAT diffuso","Alfonsine - IAT Diffuso",,"Al gallo Trattoria e Locanda",,Alfonsine,Ravenna,"Piazza Vincenzo Monti",36-39,"44,5000548","12,0410779",Pubblico
61623,"IAT diffuso","Bagnacavallo - IAT Diffuso",,"La cantina di Piazza Nuova",,Bagnacavallo,Ravenna,"Via Verdi",8,"44,4147988","11,9778699",Pubblico
61624,"IAT diffuso","Cotignola - IAT Diffuso",,Giogiocaffè,,Cotignola,Ravenna,"Piazza Vittorio Emanuele II",7,"44,3848465","11,9427913",Pubblico
61625,"IAT diffuso","Cotignola - IAT Diffuso",,"Ristorante Al Parco",,Cotignola,Ravenna,"Via Pertini",2,"44,3826158","11,9268599",Pubblico
61626,"IAT diffuso","Fusignano - IAT Diffuso",,"Società agricola Randi",,Fusignano,Ravenna,"Via San Savino",113,"44,4922451","12,0036189",Pubblico
61627,"IAT diffuso","Massa Lombarda - IAT Diffuso",,"Il chiosco di Massa",,"Massa Lombarda",Ravenna,"Piazza Andrea Costa",,"44,4480512","11,8279872",Pubblico
61628,"IAT diffuso","Rimini - IAT Diffuso",,"Bagno Rudy 144",,Rimini,Rimini,"Lungomare Spadazzi - Miramare",,"44,0327634","12,6207395",Pubblico
61629,"IAT diffuso","Rimini - IAT Diffuso",,"Bike Park",,Rimini,Rimini,"Via Dante Alighieri",51,"44,0629747","12,5736406",Pubblico
61630,"IAT diffuso","Rimini - IAT Diffuso",,"Bike Tour Rimini",,Rimini,Rimini,"Viale Regina Elena - Marina Centro",54,"44,0570424","12,5922459",Pubblico
61631,"IAT diffuso","Rimini - IAT Diffuso",,"Bio Boutique Hotel Xu'",,Rimini,Rimini,"Via Metastasio - Marina Centro",3,"44,0586281","12,5887171",Pubblico
61632,"IAT diffuso","Rimini - IAT Diffuso",,"Boutique Adele abbigliamento Edistyle",,Rimini,Rimini,"Via Porto Palos - Viserbella",74,"44,0956196","12,5270324",Pubblico
61633,"IAT diffuso","Rimini - IAT Diffuso",,"Caffè dell'orto",,Rimini,Rimini,"Via Lucio Lando - San Giuliano mare",109/111,"44,0717865","12,5687739",Pubblico
61634,"IAT diffuso","Rimini - IAT Diffuso",,"Distributore di benzina PB",,Rimini,Rimini,"Via Matteucci - Marina Centro",2,"44,0660928","12,5727635",Pubblico
61635,"IAT diffuso","Rimini - IAT Diffuso",,"Enoteca Biberius",,Rimini,Rimini,"Via Ortaggi - Borgo San Giuliano",12,"44,0649319","12,5655756",Pubblico
61636,"IAT diffuso","Rimini - IAT Diffuso",,"Il forno della Vecchia Pescheria",,Rimini,Rimini,"Piazza Gregorio da Rimini - Centro Storico",5,"44,0603495","12,5666512",Pubblico
61637,"IAT diffuso","Rimini - IAT Diffuso",,"Hotel Acquazzurra",,Rimini,Rimini,"Via Misurata - Marina Centro",15,"44,0638985","12,5823268",Pubblico
61638,"IAT diffuso","Rimini - IAT Diffuso",,"Hotel Admiral Art Hotel",,Rimini,Rimini,"Via Pascoli - Marina Centro",145,"44,0548862","12,5834014",Pubblico
61639,"IAT diffuso","Rimini - IAT Diffuso",,"Hotel Airone",,Rimini,Rimini,"Viale Regina Elena - Marina Centro",201,"44,0570424","12,5922459",Pubblico
61640,"IAT diffuso","Rimini - IAT Diffuso",,"Hotel Amicizia",,Rimini,Rimini,"Viale Regina Elena - Marina Centro",63,"44,0570424","12,5922459",Pubblico
61641,"IAT diffuso","Rimini - IAT Diffuso",,"Hotel Arno",,Rimini,Rimini,"Via Martinelli - Miramare",9,"44,0306893","12,6207051",Pubblico
61642,"IAT diffuso","Rimini - IAT Diffuso",,"Hotel Corallo",,Rimini,Rimini,"Viale Vespucci - Marina Centro",46,"44,0670623","12,5814996",Pubblico
61643,"IAT diffuso","Rimini - IAT Diffuso",,"Hotel Diana",,Rimini,Rimini,"Via Porto Palos - Viserbella",15,"44,0926021","12,5319529",Pubblico
61644,"IAT diffuso","Rimini - IAT Diffuso",,"Hotel fra i pini",,Rimini,Rimini,"Via Pedrizzi - Viserbella",13,"44,0935949","12,5283687",Pubblico
61645,"IAT diffuso","Rimini - IAT Diffuso",,"Hotel Haarlem",,Rimini,Rimini,"Via Sarsina - Rivazzurra",7,"44,0354272","12,6156142",Pubblico
61646,"IAT diffuso","Rimini - IAT Diffuso",,"Hotel Ischia",,Rimini,Rimini,"Via Siracusa - Marebello",17,"44,0432941","12,6057672",Pubblico
61647,"IAT diffuso","Rimini - IAT Diffuso",,"Hotel Marselli",,Rimini,Rimini,"Via C. Zavagli - San Giuliano mare",77,"44,0709681","12,5607862",Pubblico
61648,"IAT diffuso","Rimini - IAT Diffuso",,"Hotel Mercure Artis",,Rimini,Rimini,"Viale Vespucci -  Marina Centro",38,"44,0670623","12,5814996",Pubblico
61649,"IAT diffuso","Rimini - IAT Diffuso",,"Hotel Mercure Lungomare",,Rimini,Rimini,"Viale Vespucci - Marina Centro",18,"44,0670623","12,5814996",Pubblico
61650,"IAT diffuso","Rimini - IAT Diffuso",,"Hotel Panoramic",,Rimini,Rimini,"Via Cimarosa - Viserba",1,"44,0838415","12,5444892",Pubblico
61651,"IAT diffuso","Rimini - IAT Diffuso",,"Hotel San Francisco spiaggia",,Rimini,Rimini,"Viale Regina Margherita - Rivazzurra",42,"44,038525","12,61466",Pubblico
61652,"IAT diffuso","Rimini - IAT Diffuso",,"I-Suite Hotel",,Rimini,Rimini,"Viale Regina Elena - Marina Centro",28,"44,0570424","12,5922459",Pubblico
61653,"IAT diffuso","Rimini - IAT Diffuso",,"Il circolino",,Rimini,Rimini,"Lungomare C. Tintori",9,"44,0744016","12,5762233",Pubblico
61654,"IAT diffuso","Rimini - IAT Diffuso",,"Martour Viaggi SAS",,Rimini,Rimini,"Viale Regina Margherita - Miramare",241,"44,032364","12,6200268",Pubblico
61655,"IAT diffuso","Rimini - IAT Diffuso",,"Pixelcoop - Sapori di Quartiere",,Rimini,Rimini,"via Caduti di Marzabotto",,"44,0547267","12,5526415",Pubblico
61656,"IAT diffuso","Rimini - IAT Diffuso",,"Residence Villa Azzurra",,Rimini,Rimini,"Via Pegli - Rivazzurra",17,"44,0375221","12,6110537",Pubblico
61657,"IAT diffuso","Rimini - IAT Diffuso",,"Rimini Terme",,Rimini,Rimini,"Via Principe di Piemonte",56,"44,027277","12,6281129",Pubblico
61658,"IAT diffuso","Rimini - IAT Diffuso",,"Ristorante AmoRimini",,Rimini,Rimini,"Lungomare Murri",15,"44,0654869","12,5843259",Pubblico
61659,"IAT diffuso","Rimini - IAT Diffuso",,"Taddei e Mondaini Casalinghi",,Rimini,Rimini,"Michele Rosa",19,"44,0591763","12,571849",Pubblico
61660,"IAT diffuso","Rimini - IAT Diffuso",,"Torre Pedrera Hotels & Co.",,Rimini,Rimini,"Via San Salvador - Torre Pedrera",55,"44,1067507","12,5132336",Pubblico
61661,"IAT diffuso","Rimini - IAT Diffuso",,"Trattoria La Marianna",,Rimini,Rimini,"Via Tiberio",19,"44,0644291","12,5632966",Pubblico
61697,"IAT diffuso","Bagnacavallo - IAT Diffuso",,"Osteria Piazza Nova",,Bagnacavallo,Ravenna,"Piazza Nuova",22,"44,4147681","11,9780337",Pubblico
66708,"Welcome Room","Cesenatico - Welcome Room",https://maps.app.goo.gl/M2SuFFXoJuxXaP3L8,,,Cesenatico,Forlì-Cesena,,,"41,6878844","8,1171175",Pubblico
66709,"Welcome Room","Forlì - Welcome Room",https://maps.app.goo.gl/DyXgKpg73i2tZXRV8,,,Forlì,Forlì-Cesena,,,"44,2213793","12,0332336",Pubblico
66711,"Welcome Room","Galeata - Welcome Room",https://maps.app.goo.gl/CSrb92P1XkLhYM6m6,,,Galeata,Forlì-Cesena,,,"43,9851322","11,9034874",Pubblico
66713,"Welcome Room","Argenta - Welcome Room",https://maps.app.goo.gl/KUSRW6zmbXvwkiz39,,,Argenta,Ferrara,,,"44,6142259","11,8330783",Pubblico
66717,"IAT R","Igea Marina - Welcome Room",https://maps.app.goo.gl/96cVovTgWZQfQxtFA,,,"Bellaria-Igea Marina",Rimini,,,"44,1358047","12,4747602",Pubblico
66719,"IAT digitale","Misano Brasile - IAT Digitale",,,,"Misano Adriatico",Rimini,"piazza Venezia",,"43,9842147","12,6912719",Pubblico
66726,"Welcome Room","Rimini Aeroporto - Welcome Room",https://maps.app.goo.gl/kg6B4vyZkbwFPGoo7,,,Rimini,Rimini,,,"44,0251778","12,6131811",Pubblico
66749,"Welcome Room","Saludecio - Welcome Room",https://maps.app.goo.gl/xArGhZQrhaZR2Qwe6,,,Saludecio,Rimini,,,"43,8723492","12,6663959",Pubblico
66750,"Welcome Room","Bologna - Welcome  Room",https://maps.app.goo.gl/jKF3xKiKz1kL43A16,,,Bologna,Bologna,,,"44,5058295","11,3390217",Pubblico
66752,"Welcome Room","Lizzano in Belvedere - Welcome Room",https://maps.app.goo.gl/ZwshQA9oQdUTTZdBA,,,"Lizzano in Belvedere",Bologna,,,"44,1616596","10,8910978",Pubblico
66770,"IAT diffuso","Argelato - IAT Diffuso",,"Studio FuoribordoSrl c/o Infopoint Centergross - Blocco 5A Centergross",,Argelato,Bologna,"Via della Mercanzia",13,"44,5866145","11,3771931",Pubblico
66771,"IAT diffuso","Bentivoglio - IAT Diffuso",,"Oasi La Rizza",,Bentivoglio,Bologna,"Via Bassa degli Albanelli",9-13,"44,6603608","11,4364316",Pubblico
66772,"IAT diffuso","Bentivoglio - IAT Diffuso",,"La Locanda Smeraldi",,Bentivoglio,Bologna,"Via San Marina",47,"44,603127","11,417914",Pubblico
66773,"IAT diffuso","Pieve di Cento - IAT Diffuso",,"Pro Loco Pieve di Cento - APS",,"Pieve di Cento",Bologna,"Piazza Andrea Costa",11,"44,7139266","11,3068046",Pubblico
66774,"IAT diffuso","Argelato - IAT Diffuso",,"Ristorante La Grigliata",,Argelato,Bologna,"Via Casadio",31,"44,6174685","11,3300595",Pubblico
66775,"IAT diffuso","Argelato - IAT Diffuso",,"Villa San Donino",,Argelato,Bologna,"Via Centese",278,"44,6663563","11,3076013",Pubblico
66776,"IAT diffuso","Pieve di Cento - IAT Diffuso",,Fiorilinda,,"Pieve di Cento",Bologna,"Via Garibaldi",70,"44,7144305","11,3047641",Pubblico
66777,"IAT diffuso","Pieve di Cento - IAT Diffuso",,"Convivio Bistrot",,"Pieve di Cento",Bologna,"Via Rizzoli",2,"44,7113615","11,3065741",Pubblico
66778,"IAT diffuso","Campogalliano - IAT Diffuso",,"Museo della Bilancia",,Campogalliano,Modena,"Via Garibaldi",34/A,"44,6911351","10,8403222",Pubblico
66779,"IAT diffuso","Campogalliano - IAT Diffuso",,"Casa Berselli - Circolo al Parco A. Goldoni APS",,Campogalliano,Modena,"Via Albone",14,"44,6692864","10,8267941",Pubblico
66780,"IAT diffuso","Campogalliano - IAT Diffuso",,"Best Western Modena District",,Campogalliano,Modena,"Via del Passatore",160,"44,686279","10,8518394",Pubblico
66781,"IAT diffuso","Carpi - IAT Diffuso",,"Eliotecnica Stermieri",,Carpi,Modena,"Via Trento Trieste",43,"44,7811354","10,8824311",Pubblico
66782,"IAT diffuso","Carpi - IAT Diffuso",,"Nonno Pep",,Carpi,Modena,"Corso Cabassi",35/37,"44,7838455","10,8880241",Pubblico
66783,"IAT diffuso","Carpi - IAT Diffuso",,"Mondadori Bookstore Carpi",,Carpi,Modena,"Piazza dei Martiri",8,"44,7830316","10,884582",Pubblico
66784,"IAT diffuso","Carpi - IAT Diffuso",,"Nuovo Albergo Tuoring",,Carpi,Modena,"Via Darfo Dallai",1,"44,7832842","10,8893937",Pubblico
66785,"IAT diffuso","Carpi - IAT Diffuso",,"Carpi Comics di Pantaleoni Marco",,Carpi,Modena,"Via Nova",45,"44,7816699","10,8851232",Pubblico
66786,"IAT diffuso","Carpi  - IAT Diffuso",,"Hotel Gabarda",,Carpi,Modena,"Via Carlo Marx",172,"44,7586317","10,8709242",Pubblico
66787,"IAT diffuso","Carpi - IAT Diffuso",,"Cantina di Santa Croce",,Carpi,Modena,"SS 468 di Correggio",35,"44,7711235","10,7753311",Pubblico
66788,"IAT diffuso","Carpi - IAT Diffuso",,"Ex Campo di Fossoli",,Carpi,Modena,"Via Remesina esterna",32,"44,8287879","10,9020877",Pubblico
66789,"IAT diffuso","Carpi - IAT Diffuso",,"Hotel Carpi",,Carpi,Modena,"Via delle Magliaie",2,"44,7767849","10,8608754",Pubblico
66790,"IAT diffuso","Carpi - IAT Diffuso",,"Caseificio San Giorgio",,Carpi,Modena,"Via Zappiano",15,"44,7763948","10,8500775",Pubblico
66791,"IAT diffuso","Carpi - IAT Diffuso",,"Musei di Palazzo dei Pio",,Carpi,Modena,"Piazza dei Martiri",68,"44,7829487","10,8856532",Pubblico
66792,"IAT diffuso","Carpi - IAT Diffuso",,"URP - Ufficio Relazioni con il Pubblico del Comune di Carpi",,Carpi,Modena,"Via Berengario",4,"44,7824776","10,8843142",Pubblico
66793,"IAT diffuso","Carpi - IAT Diffuso",,"Soho - Soho Home",,Carpi,Modena,"Corso Alberto Pio",38-40,"44,7810113","10,8839066",Pubblico
66794,"IAT diffuso","Carpi - IAT Diffuso",,"Chalet 3.0 in piazzetta",,Carpi,Modena,"Piazza Garibaldi",29,"44,7839179","10,8797139",Pubblico
66795,"IAT diffuso","Carpi - IAT Diffuso",,"Chalet al Parco",,Carpi,Modena,"Via Vittorio Veneto",2,"44,7862393","10,8798709",Pubblico
66796,IAT,"Fanano - Ufficio Informazioni e Accoglienza Turistica (IAT)",https://maps.app.goo.gl/9ssgAUqNUvMThWrH6,,,Fanano,Modena,,,"44,2074371","10,7924316",Pubblico
66797,"IAT diffuso","Maranello - Terra di Motori IAT Diffuso",,"Edicola del centro di Paoletti Elisa",,"Fiorano Modenese",Modena,"Via Vittorio Veneto",25/A,"44,538912","10,8120309",Pubblico
66798,"IAT diffuso","Maranello - Terra di Motori IAT Diffuso",,"Santuario Beata Vergine del Castello",,"Fiorano Modenese",Modena,"Via Giovanni Paolo II",4,"44,5374956","10,8115684",Pubblico
66800,"IAT diffuso","Maranello - Terra di Motori IAT Diffuso",,"Camper Club Fiorano Modenese",,"Fiorano Modenese",Modena,"Via Cameazzo",6,"44,5399509","10,8270146",Pubblico
66801,"IAT diffuso","Maranello - Terra di Motori IAT Diffuso",,"Acetaia Leonardi",,Formigine,Modena,"Via Mazzacavallo",62,"44,5906129","10,8087663",Pubblico
66802,"IAT diffuso","Maranello - Terra di Motori IAT Diffuso",,"Azienda Agrituristica Sant'Antonio di Giusti Maria Elinda",,Formigine,Modena,"Via Sant'Antonio",49,"44,5611437","10,87206",Pubblico
66803,"IAT diffuso","Maranello - Terra di Motori IAT Diffuso",,"Azienda Agricola Rossi Barattini",,Formigine,Modena,"Via Giardini Sud",170,"44,5561817","10,8514765",Pubblico
66804,"IAT diffuso","Maranello - Terra di Motori IAT Diffuso",,"Hotel Corte degli Estensi",,Formigine,Modena,"Via Vandelli",7,"44,5790303","10,9098206",Pubblico
66805,"IAT diffuso","Maranello - Terra di Motori IAT Diffuso",,"Ristorante del Rio Srl",,Formigine,Modena,"Via Bassa Paolucci",55,"44,5909623","10,870426",Pubblico
66806,"IAT diffuso","Maranello - Terra di Motori IAT Diffuso",,"Valeri di Giacobazzi Valerio",,Formigine,Modena,"Via Eugenio Curiel",9,"44,5727194","10,847694",Pubblico
66807,"IAT diffuso","Maranello - Terra di Motori IAT Diffuso",,"CM Italia srl",,Formigine,Modena,"Via San Pietro",22,"44,5746544","10,8480668",Pubblico
66808,"IAT diffuso","Maranello - Terra di Motori IAT Diffuso",,"Best Western Plus Hotel - C.I.T.E.S. S.p.A.",,Formigine,Modena,"Via Giardini Nord",438,"44,5976038","10,862637",Pubblico
66809,"IAT diffuso","Maranello - Terra di Motori IAT Diffuso",,"Villa Campestre",,Formigine,Modena,"Via Viazza di Sopra",6,"44,5467271","10,8664969",Pubblico
66810,"IAT diffuso","Maranello - Terra di Motori IAT Diffuso",,"A. VDL società agricola",,Maranello,Modena,"Via Fogliano",165,"44,5054926","10,8460288",Pubblico
66811,"IAT diffuso","Maranello - Terra di Motori IAT Diffuso",,"Salumificio F.lli Guerzoni",,Maranello,Modena,"Via Fondo Valtiepido",12,"44,5129211","10,8780102",Pubblico
66812,"IAT diffuso","Maranello - Terra di Motori IAT Diffuso",,"Az. Agricola Casone di Sotto",,Maranello,Modena,"Via Prazecco",4,"44,5153682","10,908556",Pubblico
66813,"IAT diffuso","Maranello - Terra di Motori IAT Diffuso",,"Bersana Azienda Agricola di Riccardo Iaccheri",,Maranello,Modena,"Via Fogliano",161,"44,5075607","10,8489267",Pubblico
66814,"IAT diffuso","Maranello - Terra di Motori IAT Diffuso",,"Race Art 27 Maranello Srl",,Maranello,Modena,"Via Dino Ferrari",61,"44,5301459","10,8590661",Pubblico
66815,"IAT diffuso","Maranello - Terra di Motori IAT Diffuso",,"La Bibulca",,Montefiorino,Modena,"Via Provinciale per Frassinoro",115,"44,3249359","10,6011403",Pubblico
66816,"IAT diffuso","Maranello - Terra di Motori IAT Diffuso",,"Warm Up di Ravazzini Carlo",,Maranello,Modena,"Via Dino Ferrari",41,"44,5301149","10,8627072",Pubblico
66817,"IAT diffuso","Maranello - Terra di Motori IAT Diffuso",,"Pushstart Srl",,Maranello,Modena,"Via Dino Ferrari",41,"44,5301149","10,8627072",Pubblico
66818,"IAT diffuso","Maranello - Terra di Motori IAT Diffuso",,"Planet Srl",,Maranello,Modena,"Via Giovanni Verga",22,"44,5320194","10,8637588",Pubblico
66819,"IAT diffuso","Maranello - Terra di Motori IAT Diffuso",,"Maranello Ristoranti - Carisma Pizzeria Ristorante",,Maranello,Modena,"Piazza Libertà",43,"44,5249402","10,8670478",Pubblico
66820,"IAT diffuso","Maranello - Terra di Motori IAT Diffuso",,Domus,,Maranello,Modena,"Piazza Libertà",38,"44,5248502","10,8671148",Pubblico
66821,"IAT diffuso","Maranello - Terra di Motori IAT Diffuso",,"Genko Srl Drake",,Maranello,Modena,"Via Nazionale",60,"44,5267036","10,8663502",Pubblico
66822,"IAT diffuso","Maranello - Terra di Motori IAT Diffuso",,"Dip Srl Terminal Caffè T3",,Maranello,Modena,"Via Grizzaga",53,"44,5323025","10,8740462",Pubblico
66823,"IAT diffuso","Maranello - Terra di Motori IAT Diffuso",,"Villa Nuvola Suites",,"Fiorano Modenese",Modena,"Via Vittorio Alfieri",3,"44,534845","10,8213418",Pubblico
66824,"IAT diffuso","Maranello - Terra di Motori IAT Diffuso",,"La Corte dei Cerri",,Frassinoro,Modena,"Via Spervera di Sotto",,"44,2816103","10,5827126",Pubblico
66825,"IAT diffuso","Maranello - Terra di Motori IAT Diffuso",,"La Tana della Lavanda",,Montefiorino,Modena,"Via della Tana",10,"44,3543385","10,5952121",Pubblico
66826,"IAT digitale","Modena - IAT Digitale",,,"Dal Martedì al venerdì: 9.30-13 /15.00-19.00; sabato domeniche e festivi: apertura 9.30 - 19.00.",Modena,Modena,"Piazza Mazzini",,"44,5513799","10,918048",Pubblico
66827,"IAT diffuso","Unione Comuni modenesi Area Nord -  IAT Diffuso",,"Tabaccheria 3 Sant",,Medolla,Modena,"Via Strada Statale",1292,"44,8670321","11,066238",Pubblico
66828,"IAT diffuso","Unione Comuni modenesi Area Nord -  IAT Diffuso",,"Pro Loco San Possidionio APS-ETS",,"San Possidonio",Modena,"Piazza Andreoli",39,"44,8916757","10,9961503",Pubblico
66829,"IAT diffuso","Unione Comuni modenesi Area Nord -  IAT Diffuso",,"Pro Loco San Felice APS",,"San Felice sul Panaro",Modena,"Via Mazzini",62,"44,8387799","11,1434846",Pubblico
66830,"IAT diffuso","Unione Comuni modenesi Area Nord -  IAT Diffuso",,"Medipark società agricola Mediplants",,"San Felice sul Panaro",Modena,"Via Perossaro",187,"44,8291322","11,1352944",Pubblico
66831,"IAT diffuso","Unione Comuni modenesi Area Nord -  IAT Diffuso",,"Tra le note libri e vinili Libreria",,"San Felice sul Panaro",Modena,"Via M.C Ascari",5,"44,8383548","11,1446271",Pubblico
66832,"IAT diffuso","Unione Comuni modenesi Area Nord -  IAT Diffuso",,"GL Impianti srl",,"Concordia sulla Secchia",Modena,"Via Confine",80,"44,9546193","11,0084724",Pubblico
66833,"IAT diffuso","Unione Comuni modenesi Area Nord -  IAT Diffuso",,"Azienda Agricola tecnica vivai di Candini Luca",,Camposanto,Modena,"Ponte Picchietti",,"44,8189501","11,1085696",Pubblico
66834,"IAT diffuso","Unione Comuni modenesi Area Nord -  IAT Diffuso",,"Pro Loco Finale Emilia APS",,"Finale Emilia",Modena,"Via Cappuccini",15/A,"44,8304846","11,2919059",Pubblico
66835,"IAT diffuso","Unione Comuni modenesi Area Nord -  IAT Diffuso",,"Pop Tours Autoloneggi",,Camposanto,Modena,"Piazza Gramsci",5,"44,7873963","11,1395245",Pubblico
66836,"IAT diffuso","Unione Comuni modenesi Area Nord -  IAT Diffuso",,"Cooperativa sociale Caracol",,"Finale Emilia",Modena,"Via Garigliano",14,"44,8404347","11,3612098",Pubblico
66837,"IAT diffuso","Unione Comuni modenesi Area Nord -  IAT Diffuso",,"Giallo Tortellino",,"Finale Emilia",Modena,"Via Alessandro Volta",20,"44,8535993","11,2066654",Pubblico
66838,"IAT diffuso","Unione Comuni modenesi Area Nord -  IAT Diffuso",,"Rapsodia Pizzeria",,"San Felice sul Panaro",Modena,"Via Ascari",21,"44,8370526","11,1453812",Pubblico
66839,"IAT diffuso","Unione Comuni modenesi Area Nord -  IAT Diffuso",,"Soc. Cooperativa La bella sfilza",,"Concordia sulla Secchia",Modena,"Via Corriera",3,"44,9206049","10,9780573",Pubblico
66840,"IAT diffuso","Unione Comuni modenesi Area Nord -  IAT Diffuso",,"Soleluna Agenzia di Viaggi",,"San Felice sul Panaro",Modena,"Via Mazzini",88,"44,8385959","11,1443435",Pubblico
66841,"IAT diffuso","Unione Comuni modenesi Area Nord -  IAT Diffuso",,"Studio linguistico Union Jack",,"San Felice sul Panaro",Modena,"Via Risorgimento",3/5,"44,8385125","11,1432791",Pubblico
66842,"IAT diffuso","Unione Comuni modenesi Area Nord -  IAT Diffuso",,"Tabaccheria Ivan",,Cavezzo,Modena,"Via Cavour",375,"44,822396","10,9949758",Pubblico
66843,"IAT diffuso","Unione Terre di Castelli - IAT Diffuso",,"Il Castellaro ai sassi",,Guiglia,Modena,"Via Sassi",1700,"44,3891389","10,9505268",Pubblico
66844,"IAT diffuso","Unione Terre di Castelli - IAT Diffuso",,"Lettere e Letture",,"Marano sul Panaro",Modena,"Piazza Matteotti",2,"44,455807","10,966668",Pubblico
66845,"IAT diffuso","Unione Terre di Castelli - IAT Diffuso",,"Il timbro",,Spilamberto,Modena,"Piazza dei Caduti L.",7,"44,5340982","11,0239678",Pubblico
66846,"IAT diffuso","Unione Terre di Castelli - IAT Diffuso",,"Gelateria Antartide",,"Castelnuovo Rangone",Modena,"Via Vandelli",20,"44,5760221","10,9076284",Pubblico
66847,"IAT diffuso","Unione Terre di Castelli - IAT Diffuso",,"Fantasie golose",,Spilamberto,Modena,"Via Marconi",30,"44,5303534","11,0210497",Pubblico
66848,"IAT diffuso","Unione Terre di Castelli - IAT Diffuso",,"Righetti 1911 di Righetti Enrico",,Zocca,Modena,"Via M. Tesi",1056,"44,346387","10,9944961",Pubblico
66849,"IAT diffuso","Unione Terre di Castelli - IAT Diffuso",,"La Ca' del Non bioagriturismo L'alpenice",,"Savignano sul Panaro",Modena,"Via Monticelli",1090,"44,4882497","11,0504613",Pubblico
66850,"IAT diffuso","Unione Terre di Castelli - IAT Diffuso",,"Hotel Arthur",,"Castelvetro di Modena",Modena,"Via Statale",204,"44,5285978","10,9219651",Pubblico
66851,"IAT diffuso","Unione Terre di Castelli - IAT Diffuso",,"Gibellini Mariaelena e Cristina snc",,Spilamberto,Modena,"Piazza dei Caduti Libertà",41,"44,5334463","11,0242099",Pubblico
